{
  "configVersion": 1,
  "timestamp": 1710796134693,
  "index": "/index.html",
  "assetGroups": [
    {
      "name": "app",
      "installMode": "prefetch",
      "updateMode": "prefetch",
      "cacheQueryOptions": {
        "ignoreVary": true
      },
      "urls": [
        "/1033.4cbf7ff20e7f035e.js",
        "/1118.e76820c8d51c26a4.js",
        "/1217.9efb98e7c6982898.js",
        "/1262.4c52212d2ede280a.js",
        "/1506.79bff0ecc9cf99ea.js",
        "/1536.5e0bffc98a25cc99.js",
        "/1663.b7f22a0acd245f1e.js",
        "/1709.33b45faea4e39494.js",
        "/1861.61aa97b672c4e15e.js",
        "/1954.89da41bf983f69ce.js",
        "/2045.0ed60f73f18a2eb5.js",
        "/2051.b1fe9cbb2f860683.js",
        "/2073.f073d2e1d7ab8fec.js",
        "/2349.1a168789f484987f.js",
        "/2553.fe5ff88a6b11311e.js",
        "/2773.80125ac124065cef.js",
        "/2860.c5845e688f26f7cb.js",
        "/2884.5702ef632795fce0.js",
        "/2910.d390bcd2f8e5ce38.js",
        "/2933.ba2ad2b02aa377b0.js",
        "/2980.548b608a3984fcab.js",
        "/3038.96a0e8cd9ac067cf.js",
        "/3125.9835fb7b4ac8f4c5.js",
        "/3135.34d77b5932778adf.js",
        "/319.f7769bb2ee555a05.js",
        "/3326.93e9c2f000b3e339.js",
        "/3331.b7db7b015a48c96c.js",
        "/3521.9c96f5d0fec8c220.js",
        "/3562.9ddd846237b12ca0.js",
        "/3583.8e1b11125f84a043.js",
        "/3612.feb94dea3f00c987.js",
        "/3648.ee2167b83ee6500d.js",
        "/3804.24b27ab7ea10a487.js",
        "/3838.cfb45e154ac79bad.js",
        "/3877.f42d60efa2562963.js",
        "/388.694d4cbc128ce384.js",
        "/3894.5016fe0570fb4d23.js",
        "/4066.990a7761f5e21d98.js",
        "/4174.6f8be602e9e9f5c2.js",
        "/4330.fa06267786113407.js",
        "/4376.b00344a2c313f98e.js",
        "/4377.1c338b1fd0cf1263.js",
        "/438.dac05eb95a226933.js",
        "/4432.a2d8a7fd8dbc6da7.js",
        "/4467.6ab4e4b3b1f76c9c.js",
        "/4629.9518450bddec25e0.js",
        "/463.7762214ae9ebed0e.js",
        "/4648.b6bdf6fdbaabe56b.js",
        "/4711.fdadab8d7c3f7e6c.js",
        "/4753.7a384ba2e2e9c8bf.js",
        "/4879.48cb6e09c9d366c1.js",
        "/4908.1be7ea15d713749b.js",
        "/4959.131ea243c1fe798f.js",
        "/5114.a6276122db66d06b.js",
        "/5117.ab2075d62e48be1b.js",
        "/5141.3aa566f19115d973.js",
        "/5168.a2a56039341281fc.js",
        "/5296.a148011722c9762c.js",
        "/53.dd9931ca69e89c55.js",
        "/5349.3ca74732b841eb9b.js",
        "/5459.c9d00d98a4e5ce2a.js",
        "/5652.7610e415e26bd638.js",
        "/5836.59f0c3224d4da954.js",
        "/5848.3c83e80b74fada4c.js",
        "/5870.06eecf34fc5a191e.js",
        "/6004.5e0568a25d9d7ae7.js",
        "/6120.cdd7c64eec76c2a6.js",
        "/6122.ac7406cb3808f54d.js",
        "/6349.4d1b6fcc669d8703.js",
        "/6383.900da5c41b8aa85a.js",
        "/6560.c7a3333edef2fd1c.js",
        "/657.d0c24add22d2dcc8.js",
        "/6571.319665cf03fe07dd.js",
        "/6750.c1fc73896868687d.js",
        "/6784.4795a18a682a4654.js",
        "/6961.2de0284e02e6b0f0.js",
        "/7070.235328bfb884aa12.js",
        "/7544.6d175f36732168f2.js",
        "/7602.33b4199690e27584.js",
        "/7748.9fedebf22f7d80a0.js",
        "/7826.47428ffaff01f1b6.js",
        "/7879.4929469838a185de.js",
        "/8034.fc9e7296746821a1.js",
        "/8126.db0360b874a923fc.js",
        "/8136.13935a93d02446e1.js",
        "/8208.0ebd3f843c780fff.js",
        "/8395.edd6f44645d37478.js",
        "/8425.0fcee6aa0812f906.js",
        "/8472.dbaf77a95512f7c0.js",
        "/8533.fe5691abebeade17.js",
        "/8628.c267f28bee68edae.js",
        "/8749.2b825088c3e36eb2.js",
        "/8805.ddc5ac7752aad271.js",
        "/8939.647b9fb65dd0851f.js",
        "/9016.080835c4399939da.js",
        "/9230.dbf2e746745b2d46.js",
        "/9325.e3ba4bbbca43ab74.js",
        "/9327.2915eef821dbe294.js",
        "/9353.719ee095069e614e.js",
        "/9411.2d02edf61d8e0564.js",
        "/9434.2803c70f5e8f2e32.js",
        "/9485.ab0a11b16186acb1.js",
        "/9536.828b5318418c1c40.js",
        "/9551.a84672b7daaae1c5.js",
        "/9654.3f346e8d6b4d64c9.js",
        "/9824.6dc666f9fbde7446.js",
        "/9922.09ad8aed34e2b775.js",
        "/9958.8152771e00ee1ae2.js",
        "/9998.9c099ebb7b8b1947.js",
        "/app_init.js",
        "/common.71eb4908e3411952.js",
        "/cordova.fedce518e4677a57.js",
        "/cordova.js",
        "/cordova_plugins.js",
        "/index.html",
        "/main.8aee57c6ccba74b9.js",
        "/manifest.webmanifest",
        "/polyfills-core-js.9b71ceed1de7450c.js",
        "/polyfills-dom.5c5f23fb57b03028.js",
        "/polyfills.5f89c8c8dd048bc4.js",
        "/runtime.99fc71a2accd13c5.js",
        "/styles.c24701afe34442ea.css",
        "/wr-sw.js"
      ],
      "patterns": []
    },
    {
      "name": "assets",
      "installMode": "lazy",
      "updateMode": "prefetch",
      "cacheQueryOptions": {
        "ignoreVary": true
      },
      "urls": [
        "/assets/fonts/roboto-regular.ttf",
        "/assets/fonts/roboto-regular.woff",
        "/assets/fonts/roboto-regular.woff2",
        "/assets/i18n/en.json",
        "/assets/i18n/es.json",
        "/assets/i18n/pt-BR.json",
        "/assets/i18n/pt.json",
        "/assets/icons/masonry-outline.svg",
        "/assets/imgs/doodles.png",
        "/assets/imgs/loading.svg",
        "/assets/imgs/noimage.png",
        "/assets/imgs/spinner.svg",
        "/assets/imgs/user-marker.png",
        "/assets/imgs/video-icon.svg",
        "/assets/imgs/wra.png",
        "/assets/ionicons/ionicons.min.css",
        "/assets/ionicons/ioniconsv2.ttf",
        "/assets/offline.html"
      ],
      "patterns": []
    }
  ],
  "dataGroups": [],
  "hashTable": {
    "/1033.4cbf7ff20e7f035e.js": "6cfd0de61e1a4d058a9e7691c4c662cf7bde2281",
    "/1118.e76820c8d51c26a4.js": "aa979fe39625c3a7bef1ea49edab6aef7ff7a31e",
    "/1217.9efb98e7c6982898.js": "ccd86ca09e66a9dbda5596f6f2c769a70f7d865f",
    "/1262.4c52212d2ede280a.js": "a7650adca144562a707e3252822859e4afd49a73",
    "/1506.79bff0ecc9cf99ea.js": "bbc7db8cdc2bd4723d2af3874786a03f03e3fa43",
    "/1536.5e0bffc98a25cc99.js": "36f57b1d6cc71e466b6fee4bbe538d2723e4a890",
    "/1663.b7f22a0acd245f1e.js": "38383a0212b139e2195936086e3042fc8239c9aa",
    "/1709.33b45faea4e39494.js": "e84a89f194124b8ed1def5c5846ae40c37efd08e",
    "/1861.61aa97b672c4e15e.js": "f9a36f4ec3ab3f8aacd495373a336587cdc3cf27",
    "/1954.89da41bf983f69ce.js": "2ec1a8aea337d0bd585a5e8e0db5da7427afb070",
    "/2045.0ed60f73f18a2eb5.js": "1f9acb05214f06acfa1ccab669aed923f0d69586",
    "/2051.b1fe9cbb2f860683.js": "77046c30a5803f3725416bab255b3f73340acdd3",
    "/2073.f073d2e1d7ab8fec.js": "c7c2e29f60f58a71c9ff6a661b9434303c2f26d5",
    "/2349.1a168789f484987f.js": "21fa38eae4215a33ae29581c0a0056f690e8c254",
    "/2553.fe5ff88a6b11311e.js": "702b24f2586a0aaa0c437ea146e6a03c96a8aed8",
    "/2773.80125ac124065cef.js": "8a8e6ed5ed5e45e8c1c975f23ed361c777621d9f",
    "/2860.c5845e688f26f7cb.js": "7332e6db6ddf9032a779655f082c352e9397ced6",
    "/2884.5702ef632795fce0.js": "e21920c2e0144d923c9e0bd392d0d749049ba8d9",
    "/2910.d390bcd2f8e5ce38.js": "fc2b4e0bda822c90e16dc6ef67a39bf85cc8d9de",
    "/2933.ba2ad2b02aa377b0.js": "d8a7ea66a74a54a24134e4884fa72f7015c53f6c",
    "/2980.548b608a3984fcab.js": "90cf6997d1113d2c41caef05219ad4e7032e1fcd",
    "/3038.96a0e8cd9ac067cf.js": "366e1a1ff6023d4ba3ca6bb5da519bdc4f98ad7a",
    "/3125.9835fb7b4ac8f4c5.js": "a08907fdf5565e2852fe128f2dee133580d40131",
    "/3135.34d77b5932778adf.js": "77bcba3493ce2969e9d609a338b4961e14540c71",
    "/319.f7769bb2ee555a05.js": "7db8810fe80ffca3cb8d13ee4a8f8314fb55b793",
    "/3326.93e9c2f000b3e339.js": "31fb44272c8632787cd95e843fac1875701694ba",
    "/3331.b7db7b015a48c96c.js": "57d5de18472cee73cfd5f28add2f8a5d82a33091",
    "/3521.9c96f5d0fec8c220.js": "56f7f6a275626f1f6c719d00734b29f26e737f3c",
    "/3562.9ddd846237b12ca0.js": "8f776bb6f116ebc07ef5e1e5d99a6560998f6897",
    "/3583.8e1b11125f84a043.js": "1a09ccc448227aabb7bcef5642ae572e587d12e2",
    "/3612.feb94dea3f00c987.js": "62bc49592ebc2b1ec80fbbcd96062ac1f702a701",
    "/3648.ee2167b83ee6500d.js": "4fcd77f67a915efcee7de754897b70177bdb6a80",
    "/3804.24b27ab7ea10a487.js": "9fd9434c3230c0cd509d840c832a2b4e96f6cfb8",
    "/3838.cfb45e154ac79bad.js": "7e9919fa109250bab2ff08bb7b0056c3a8927bb7",
    "/3877.f42d60efa2562963.js": "93ed0acb20553bb35fe32d41f41b7b17c4fb332e",
    "/388.694d4cbc128ce384.js": "77b7c005d4eda24237140996412ade1a1ab56d0b",
    "/3894.5016fe0570fb4d23.js": "27c7d8c7824f022e27d63ca666effb20671d3a71",
    "/4066.990a7761f5e21d98.js": "9c611729b9f08020d86e0b337389818ee08b3e00",
    "/4174.6f8be602e9e9f5c2.js": "43b2c8fe37d0de213cec0540299babfc5b84bd71",
    "/4330.fa06267786113407.js": "92f130b2aa2661988eba7404de40d375b286cce4",
    "/4376.b00344a2c313f98e.js": "62004c3f8a8c8fde52625739add15c349065d257",
    "/4377.1c338b1fd0cf1263.js": "7ec014a1fcd0843d122667455764a278c7b42819",
    "/438.dac05eb95a226933.js": "73da49f2c2f0df8be3333ccc21d9939aeb6dcf86",
    "/4432.a2d8a7fd8dbc6da7.js": "e30cd65f51f97b7e80d10a2238899c151b20832e",
    "/4467.6ab4e4b3b1f76c9c.js": "2091972e4660d426bf927fb34dffb8f444b5cfdd",
    "/4629.9518450bddec25e0.js": "19a30d47622276d313f0e1cdce18db80b7778048",
    "/463.7762214ae9ebed0e.js": "ed0390dcfd517a2d1da5828c1897429f66ca1e51",
    "/4648.b6bdf6fdbaabe56b.js": "b8f3554c92efc9e091f50daa09c7090e58b80df6",
    "/4711.fdadab8d7c3f7e6c.js": "b450ae98583c373626f3d07309c4a472633e72d1",
    "/4753.7a384ba2e2e9c8bf.js": "549bf86c89eb2513df7d8d0626ced6b90cb1ad6e",
    "/4879.48cb6e09c9d366c1.js": "28790efc008cfa82f491ac62ec4d550890e5c20b",
    "/4908.1be7ea15d713749b.js": "cd9d8e0666bb6b4e1e8e243646075c2757b8791a",
    "/4959.131ea243c1fe798f.js": "d6f9428fde97a653dd1328210b52afd29d8c25d5",
    "/5114.a6276122db66d06b.js": "1cb9b8f8d8d53b7f4510837b03d0c757fc323cb5",
    "/5117.ab2075d62e48be1b.js": "6ec3cccf30ea5a473eee63ea2028974f219e0404",
    "/5141.3aa566f19115d973.js": "cef64e1effe4ebaedadb6807390b28ee13002c9b",
    "/5168.a2a56039341281fc.js": "4a8e49a8a5e737d55a4683bf4205b4abe423d37f",
    "/5296.a148011722c9762c.js": "12f614b29ace2db6a05aa97545825d8fa353ffae",
    "/53.dd9931ca69e89c55.js": "6582466e525ab25dc9b79365b5597ba7a4b26d8c",
    "/5349.3ca74732b841eb9b.js": "a4267577e946b8e7cc243b0da73e27a873565121",
    "/5459.c9d00d98a4e5ce2a.js": "9421425272a714919c5da043b6b2307facded47b",
    "/5652.7610e415e26bd638.js": "558e708476d3fb46bc532152f3d71fa104eabc3c",
    "/5836.59f0c3224d4da954.js": "c9d68932e504b4cc47ecbf7c7e6e66eccca7ae9f",
    "/5848.3c83e80b74fada4c.js": "7926a0f755cdda1f040d265f6529e6511d3ac88e",
    "/5870.06eecf34fc5a191e.js": "195fa0d3f45b8ba4ecb529bcafb5d00524ded33b",
    "/6004.5e0568a25d9d7ae7.js": "f859a3e041fb003e45130a883ecd64f658eb0af5",
    "/6120.cdd7c64eec76c2a6.js": "c17573c3cb6543328e6061faf517282407a3aa05",
    "/6122.ac7406cb3808f54d.js": "11bb44e564fb3e425c28dc1c524689d20c3c4d81",
    "/6349.4d1b6fcc669d8703.js": "056ae216c6b4eb7063789ef8baeeb2c4be530e07",
    "/6383.900da5c41b8aa85a.js": "e250dd875df7f791f1decc5daf9d36c3198bce63",
    "/6560.c7a3333edef2fd1c.js": "89132244b5d69773c956ca9b07614e7ff11bd600",
    "/657.d0c24add22d2dcc8.js": "fa43b69980aa868fb115a31ff1cefe7980ba78fe",
    "/6571.319665cf03fe07dd.js": "ce66d92c668a43f56ba86bbc4cb4bc12915f3e25",
    "/6750.c1fc73896868687d.js": "0b1b553ae7babf108669e430620ed0d44276c562",
    "/6784.4795a18a682a4654.js": "06346bc3565dbcdf6e6fef93a8d4505ff43dc4af",
    "/6961.2de0284e02e6b0f0.js": "2feeb8cce49acb625858b061f24d792a315f68d4",
    "/7070.235328bfb884aa12.js": "19d7efc105e53a37f2e0050c45457f59ade6fe36",
    "/7544.6d175f36732168f2.js": "0315b64b1ecee244e1d28cec6c65576f27bc4d7e",
    "/7602.33b4199690e27584.js": "9b9898a00b0087dfeb67a4a9cb673b0d4410bb04",
    "/7748.9fedebf22f7d80a0.js": "24f5b7a911ffdb6c4120ed1d483bc30567eef187",
    "/7826.47428ffaff01f1b6.js": "8700e70bbe6c017dd9bb550d25aa1843a57d662a",
    "/7879.4929469838a185de.js": "db73f83a0fcd00d35993cf4503343e52b9de422c",
    "/8034.fc9e7296746821a1.js": "27448e0b4e74283b213e1ee999dd75988bb56bf2",
    "/8126.db0360b874a923fc.js": "ea5fd8e5cf2ff2ce03ce6e114ddec778344b5147",
    "/8136.13935a93d02446e1.js": "44ee567e2c3990a2d8c0346ed9284fbba18a8faa",
    "/8208.0ebd3f843c780fff.js": "ea7f2972ef6e3d4f7d1922c2be21bb7f14b4b69d",
    "/8395.edd6f44645d37478.js": "d640c6fbfe2a0b1acbc97abb369b1bd4ce9ac5e9",
    "/8425.0fcee6aa0812f906.js": "636ba62517ee3964ff8332b3192f6a2623aa1c2e",
    "/8472.dbaf77a95512f7c0.js": "c1f85a539ed5aae1503dbeefbf2b0b7043f795a1",
    "/8533.fe5691abebeade17.js": "f3d23de4f9f9381cc2366b43b3a9e5d20dbf1072",
    "/8628.c267f28bee68edae.js": "1c5b953d1f4fd083ff13d6402976a9e9fda891b2",
    "/8749.2b825088c3e36eb2.js": "2806d1e754c244523926aacd5d7e3d39ab801521",
    "/8805.ddc5ac7752aad271.js": "17c7a812310ec353c159b8ee1b6c6562dad9e3ce",
    "/8939.647b9fb65dd0851f.js": "3113ab24385134f35e5b77e65a463e1d0065dc46",
    "/9016.080835c4399939da.js": "4bc9a3ee99e8968caa7422ad777a8ca78698f20d",
    "/9230.dbf2e746745b2d46.js": "34242a7040678f06c3eb56dd7f7119cc317f8cd0",
    "/9325.e3ba4bbbca43ab74.js": "a65b2a44a22affb1f0359776a82db12746bc41c1",
    "/9327.2915eef821dbe294.js": "155194ce96a9dd8634fffb235fa57159fbea7c74",
    "/9353.719ee095069e614e.js": "18062abd216feef4dcd86623ec7dd9c0166b3bf0",
    "/9411.2d02edf61d8e0564.js": "00df620b3eb3a869798b5ca6a62308a7d95ecba5",
    "/9434.2803c70f5e8f2e32.js": "1a4f133953192afbb085c50552993e5552073637",
    "/9485.ab0a11b16186acb1.js": "d79c0bdc3de14a4d7871950d5f6cb5a09366e61f",
    "/9536.828b5318418c1c40.js": "2023c127c2d3bbedc545e4cbc712bf9ea9728557",
    "/9551.a84672b7daaae1c5.js": "0ffb52539afadf0b23875faa25eba71ee32bc700",
    "/9654.3f346e8d6b4d64c9.js": "c13dbf1d1ce367c8712e0af4afecd18aec220ac7",
    "/9824.6dc666f9fbde7446.js": "7c9157513762bb2e87ca6eb64a658a3fd28d460f",
    "/9922.09ad8aed34e2b775.js": "a6f3c4f994bf9ac81a9a3b00a17f2ef6f95d16fc",
    "/9958.8152771e00ee1ae2.js": "2360b51c9efde516518f77b705d0c9f83fe0c82c",
    "/9998.9c099ebb7b8b1947.js": "66d09e0d754afdeb146c9a49c85c2b743f5ade28",
    "/app_init.js": "3a48a3a9ce5c18fa232f647aa1f094cf7f8ba743",
    "/assets/fonts/roboto-regular.ttf": "89e7bf27190d62c7b508dc92c7012c1180458f4e",
    "/assets/fonts/roboto-regular.woff": "4932a1b55bd4f3a3dcc95db33ec07ba729e86c61",
    "/assets/fonts/roboto-regular.woff2": "c5d53e62a476169bacd97459f8172c0776988d8c",
    "/assets/i18n/en.json": "ec37ade863dcfdeaa9e9da2a0063c96bac95c168",
    "/assets/i18n/es.json": "7b45caf7bda526fe0ead2a0412809c1326dd2499",
    "/assets/i18n/pt-BR.json": "3737f7e26fd319e6c262467ef957ee6629b3e631",
    "/assets/i18n/pt.json": "facd0e9ec1bf6397442c2ef07e221d7973ab303f",
    "/assets/icons/masonry-outline.svg": "8f5877ca29c86f95b46b2a5cef5a333de95e36c1",
    "/assets/imgs/doodles.png": "6e8d5db92a1addb803551b98456772bd098e7eec",
    "/assets/imgs/loading.svg": "5dd6b4b528a26015b96953dafc458a56eeab3c71",
    "/assets/imgs/noimage.png": "e23dbb9313f4746d690eb3d87826ca897c0712ee",
    "/assets/imgs/spinner.svg": "7721bc991e7912a250b43af08f65cd739aee442e",
    "/assets/imgs/user-marker.png": "8b80bda3f15dee744fbdc3a354bcfc5a27483a18",
    "/assets/imgs/video-icon.svg": "1334d401c3ee97edf8defdfa868e303a709e01fa",
    "/assets/imgs/wra.png": "1a199271028892745ba915111854d6fbed755f5a",
    "/assets/ionicons/ionicons.min.css": "2e8cd4433d866a02d691eb22f9e4eec7de3f50c0",
    "/assets/ionicons/ioniconsv2.ttf": "1fe156cdc2616f2f9ec4f0950a61e8bff00ae247",
    "/assets/offline.html": "571a8b40e7756c9c85f6d6caa3fdde23086fdca2",
    "/common.71eb4908e3411952.js": "0416dbcc33b74619801c78772523cb048a2c7ae3",
    "/cordova.fedce518e4677a57.js": "599bdf8c44be4abf94e1f8665c34cc64ed045bec",
    "/cordova.js": "dff109d6348d86cbcccffae2e4d9a00232228208",
    "/cordova_plugins.js": "658142c5146b328969b4c2922ce584c255cd5681",
    "/index.html": "7dafdc1cc470e80db6d6f785bd80424a1756ce35",
    "/main.8aee57c6ccba74b9.js": "128d6a30923a5ccc84748ec270ad2e2ab5d3bcfa",
    "/manifest.webmanifest": "9c411da840ae604b1634968dfef70d636b30e83d",
    "/polyfills-core-js.9b71ceed1de7450c.js": "468569373464d87d7b70e6e53a64e3de1e487d3f",
    "/polyfills-dom.5c5f23fb57b03028.js": "06f5dc30f55bf9a3d9c6f9bca07c0041a6bbdaa0",
    "/polyfills.5f89c8c8dd048bc4.js": "0bc8a356344193e742a0e51a0e91703c0cb67089",
    "/runtime.99fc71a2accd13c5.js": "8bf1469e7eafb5cbbc7e45e780c20c2a3e7acfe1",
    "/styles.c24701afe34442ea.css": "d9bb72a04181910fac6f4cd14da5d0b862011e81",
    "/wr-sw.js": "44c63ff418ff06cd5376ecb21cf6c0c97e981ac7"
  },
  "navigationUrls": [
    {
      "positive": true,
      "regex": "^\\/.*$"
    },
    {
      "positive": false,
      "regex": "^\\/(?:.+\\/)?[^/]*\\.[^/]*$"
    },
    {
      "positive": false,
      "regex": "^\\/(?:.+\\/)?[^/]*__[^/]*$"
    },
    {
      "positive": false,
      "regex": "^\\/(?:.+\\/)?[^/]*__[^/]*\\/.*$"
    }
  ],
  "navigationRequestStrategy": "performance"
}